{
	"content": {
		"obj_1": {
			"type": "item",
			"content": "minecraft:bread",
			"amount": {
				"min": 1,
				"max": 4
			},
			"unitWorth": 7
		},
		"obj_2": {
			"type": "item",
			"content": "minecraft:stick",
			"amount": {
				"min": 5,
				"max": 25
			},
			"unitWorth": 1
		},
		"obj_3": {
			"type": "item",
			"content": "minecraft:wheat",
			"amount": {
				"min": 3,
				"max": 13
			},
			"unitWorth": 2
		},
		"obj_4": {
			"type": "item",
			"content": "minecraft:wheat_seeds",
			"amount": {
				"min": 5,
				"max": 25
			},
			"unitWorth": 1
		},
		"obj_5": {
			"type": "item",
			"content": "minecraft:wooden_axe",
			"amount": {
				"min": 1,
				"max": 5
			},
			"unitWorth": 6
		},
		"obj_6": {
			"type": "item",
			"content": "minecraft:wooden_hoe",
			"amount": {
				"min": 1,
				"max": 5
			},
			"unitWorth": 5
		},
		"obj_7": {
			"type": "item",
			"content": "minecraft:wooden_pickaxe",
			"amount": {
				"min": 1,
				"max": 5
			},
			"unitWorth": 6
		},
		"obj_8": {
			"type": "item",
			"content": "minecraft:wooden_shovel",
			"amount": {
				"min": 2,
				"max": 7
			},
			"unitWorth": 4
		},
		"obj_9": {
			"type": "item",
			"content": "minecraft:wooden_sword",
			"amount": {
				"min": 2,
				"max": 7
			},
			"unitWorth": 4
		},
		"obj_10": {
			"type": "item_tag",
			"content": "forge:cobblestone",
			"amount": {
				"min": 5,
				"max": 25
			},
			"unitWorth": 1,
			"name": "Any forge:cobblestone"
		},
		"obj_11": {
			"type": "item_tag",
			"content": "forge:gravel",
			"amount": {
				"min": 5,
				"max": 25
			},
			"unitWorth": 1,
			"name": "Any forge:gravel"
		},
		"obj_12": {
			"type": "item_tag",
			"content": "minecraft:planks",
			"amount": {
				"min": 5,
				"max": 25
			},
			"unitWorth": 1,
			"name": "Any minecraft:planks"
		},
		"obj_13": {
			"type": "item_tag",
			"content": "minecraft:sand",
			"amount": {
				"min": 5,
				"max": 25
			},
			"unitWorth": 1,
			"name": "Any minecraft:sand"
		}

	}
}