{
	"content": {
		"rew_1": {
			"type": "item",
			"rarity": "COMMON",
			"content": "kubejs:iron_coin",
			"amount": {
				"min": 7,
				"max": 10
			},
			"unitWorth": 10
		},
		"rew_2": {
			"type": "item",
			"rarity": "UNCOMMON",
			"content": "kubejs:iron_coin",
			"amount": {
				"min": 10,
				"max": 13
			},
			"unitWorth": 10
		},
		"rew_3": {
			"type": "item",
			"rarity": "RARE",
			"content": "kubejs:iron_coin",
			"amount": {
				"min": 13,
				"max": 16
			},
			"unitWorth": 10
		},
		"rew_4": {
			"type": "item",
			"rarity": "EPIC",
			"content": "kubejs:iron_coin",
			"amount": {
				"min": 16,
				"max": 20
			},
			"unitWorth": 10
		}
	}
}