{
	"content": {
		"obj_1": {
			"type": "item",
			"content": "minecraft:bread",
			"amount": {
				"min": 8,
				"max": 18
			},
			"unitWorth": 7
		},
		"obj_2": {
			"type": "item",
			"content": "farmersdelight:potato_crate",
			"amount": {
				"min": 2,
				"max": 4
			},
			"unitWorth": 39
		},
		"obj_3": {
			"type": "item",
			"content": "minecraft:apple",
			"amount": {
				"min": 9,
				"max": 21
			},
			"unitWorth": 6
		},
		"obj_4": {
			"type": "item",
			"content": "minecraft:emerald",
			"amount": {
				"min": 1,
				"max": 2
			},
			"unitWorth": 64
		},
		"obj_5": {
			"type": "item",
			"content": "farmersdelight:apple_pie",
			"amount": {
				"min": 1,
				"max": 3
			},
			"unitWorth": 50
		},
		"obj_6": {
			"type": "item",
			"content": "minecraft:brush",
			"amount": {
				"min": 3,
				"max": 6
			},
			"unitWorth": 23
		},
		"obj_7": {
			"type": "item",
			"content": "minecraft:decorated_pot",
			"amount": {
				"min": 4,
				"max": 9
			},
			"unitWorth": 15
		},
		"obj_8": {
			"type": "item_tag",
			"content": "minecraft:decorated_pot_sherds",
			"amount": {
				"min": 7,
				"max": 16
			},
			"unitWorth": 8,
			"name": "Any minecraft:decorated_pot_sherds"
		},
		"obj_9": {
			"type": "item",
			"content": "minecraft:cake",
			"amount": {
				"min": 2,
				"max": 3
			},
			"unitWorth": 42
		},
		"obj_10": {
			"type": "item",
			"content": "minecraft:composter",
			"amount": {
				"min": 3,
				"max": 6
			},
			"unitWorth": 21
		},
		"obj_11": {
			"type": "item",
			"content": "minecraft:copper_ingot",
			"amount": {
				"min": 5,
				"max": 11
			},
			"unitWorth": 12
		},
		"obj_12": {
			"type": "item",
			"content": "minecraft:glass_bottle",
			"amount": {
				"min": 13,
				"max": 32
			},
			"unitWorth": 4
		},
		"obj_13": {
			"type": "item",
			"content": "minecraft:raw_copper",
			"amount": {
				"min": 17,
				"max": 42
			},
			"unitWorth": 3
		},
		"obj_14": {
			"type": "item",
			"content": "minecraft:raw_copper_block",
			"amount": {
				"min": 2,
				"max": 5
			},
			"unitWorth": 30
		},
		"obj_15": {
			"type": "item",
			"content": "bettercopper:copper_axe",
			"amount": {
				"min": 2,
				"max": 4
			},
			"unitWorth": 41
		},
		"obj_16": {
			"type": "item",
			"content": "bettercopper:copper_hoe",
			"amount": {
				"min": 2,
				"max": 5
			},
			"unitWorth": 29
		},
		"obj_17": {
			"type": "item",
			"content": "bettercopper:copper_pickaxe",
			"amount": {
				"min": 2,
				"max": 4
			},
			"unitWorth": 41
		},
		"obj_18": {
			"type": "item",
			"content": "bettercopper:copper_shovel",
			"amount": {
				"min": 3,
				"max": 8
			},
			"unitWorth": 17
		},
		"obj_19": {
			"type": "item",
			"content": "bettercopper:copper_sword",
			"amount": {
				"min": 2,
				"max": 5
			},
			"unitWorth": 28
		},
		"obj_20": {
			"type": "item",
			"content": "minecraft:fishing_rod",
			"amount": {
				"min": 4,
				"max": 9
			},
			"unitWorth": 14
		},
		"obj_21": {
			"type": "item",
			"content": "minecraft:bucket",
			"amount": {
				"min": 1,
				"max": 2
			},
			"unitWorth": 72
		},
		"obj_22": {
			"type": "item",
			"content": "minecraft:iron_ingot",
			"amount": {
				"min": 3,
				"max": 7
			},
			"unitWorth": 18
		},
		"obj_23": {
			"type": "item",
			"content": "minecraft:raw_iron",
			"amount": {
				"min": 10,
				"max": 25
			},
			"unitWorth": 5
		},
		"obj_24": {
			"type": "item",
			"content": "minecraft:raw_iron_block",
			"amount": {
				"min": 2,
				"max": 3
			},
			"unitWorth": 48
		},
		"obj_25": {
			"type": "item",
			"content": "farmersdelight:stuffed_potato",
			"amount": {
				"min": 3,
				"max": 7
			},
			"unitWorth": 18
		}

	}
}