{
	"content": {
		"obj_1": {
			"type": "item",
			"content": "aquaculture:gar",
			"amount": {
				"min": 4,
				"max": 9
			},
			"unitWorth": 9
		},
		"obj_2": {
			"type": "item",
			"content": "aquaculture:muskellunge",
			"amount": {
				"min": 4,
				"max": 9
			},
			"unitWorth": 9
		},
		"obj_3": {
			"type": "item",
			"content": "farmersdelight:carrot_crate",
			"amount": {
				"min": 2,
				"max": 3
			},
			"unitWorth": 29
		},
		"obj_4": {
			"type": "item",
			"content": "minecraft:book",
			"amount": {
				"min": 2,
				"max": 5
			},
			"unitWorth": 18
		},
		"obj_5": {
			"type": "item",
			"content": "minecraft:cooked_mutton",
			"amount": {
				"min": 4,
				"max": 10
			},
			"unitWorth": 8
		},
		"obj_6": {
			"type": "item",
			"content": "minecraft:cooked_salmon",
			"amount": {
				"min": 3,
				"max": 8
			},
			"unitWorth": 10
		},
		"obj_7": {
			"type": "item",
			"content": "minecraft:ink_sac",
			"amount": {
				"min": 6,
				"max": 16
			},
			"unitWorth": 5
		},
		"obj_8": {
			"type": "item",
			"content": "minecraft:sugar",
			"amount": {
				"min": 6,
				"max": 16
			},
			"unitWorth": 5
		},
		"obj_9": {
			"type": "item",
			"content": "minecraft:sugar_cane",
			"amount": {
				"min": 10,
				"max": 27
			},
			"unitWorth": 3
		},
		"obj_10": {
			"type": "item",
			"content": "minecraft:tnt",
			"amount": {
				"min": 2,
				"max": 4
			},
			"unitWorth": 21
		},
		"obj_11": {
			"type": "item_tag",
			"content": "minecraft:beds",
			"amount": {
				"min": 2,
				"max": 5
			},
			"unitWorth": 17,
			"name": "Any minecraft:beds"
		}

	}
}