{
	"content": {
		"obj_1": {
			"type": "item_tag",
			"content": "forge:fence_gates/wooden",
			"amount": {
				"min": 3,
				"max": 8
			},
			"unitWorth": 7,
			"name": "Any forge:fence_gates/wooden"
		},
		"obj_2": {
			"type": "item_tag",
			"content": "minecraft:boats",
			"amount": {
				"min": 2,
				"max": 4
			},
			"unitWorth": 14,
			"name": "Any minecraft:boats"
		},
		"obj_3": {
			"type": "item_tag",
			"content": "minecraft:wooden_fences",
			"amount": {
				"min": 8,
				"max": 25
			},
			"unitWorth": 2,
			"name": "Any minecraft:wooden_fences"
		},
		"obj_4": {
			"type": "item",
			"content": "farmersdelight:fried_egg",
			"amount": {
				"min": 3,
				"max": 9
			},
			"unitWorth": 6
		},
		"obj_5": {
			"type": "item",
			"content": "minecraft:bone",
			"amount": {
				"min": 5,
				"max": 17
			},
			"unitWorth": 3
		},
		"obj_6": {
			"type": "item",
			"content": "minecraft:bow",
			"amount": {
				"min": 2,
				"max": 4
			},
			"unitWorth": 13
		},
		"obj_7": {
			"type": "item",
			"content": "minecraft:bricks",
			"amount": {
				"min": 2,
				"max": 6
			},
			"unitWorth": 9
		},
		"obj_8": {
			"type": "item",
			"content": "minecraft:cooked_beef",
			"amount": {
				"min": 2,
				"max": 7
			},
			"unitWorth": 8
		},
		"obj_9": {
			"type": "item",
			"content": "minecraft:flower_pot",
			"amount": {
				"min": 3,
				"max": 8
			},
			"unitWorth": 7
		},
		"obj_10": {
			"type": "item",
			"content": "minecraft:leather",
			"amount": {
				"min": 3,
				"max": 8
			},
			"unitWorth": 7
		},
		"obj_11": {
			"type": "item",
			"content": "minecraft:leather_boots",
			"amount": {
				"min": 1,
				"max": 2
			},
			"unitWorth": 25
		},
		"obj_12": {
			"type": "item",
			"content": "minecraft:leather_chestplate",
			"amount": {
				"min": 1,
				"max": 1
			},
			"unitWorth": 57
		},
		"obj_13": {
			"type": "item",
			"content": "minecraft:leather_helmet",
			"amount": {
				"min": 1,
				"max": 2
			},
			"unitWorth": 36
		},
		"obj_14": {
			"type": "item",
			"content": "minecraft:leather_leggings",
			"amount": {
				"min": 1,
				"max": 1
			},
			"unitWorth": 50
		}

	}
}