{
	"content": {
		"obj_1": {
			"type": "item",
			"content": "minecraft:bread",
			"amount": {
				"min": 5,
				"max": 12
			},
			"unitWorth": 13
		},
		"obj_2": {
			"type": "item",
			"content": "minecraft:apple",
			"amount": {
				"min": 10,
				"max": 25
			},
			"unitWorth": 6
		},
		"obj_3": {
			"type": "item",
			"content": "bettercopper:copper_axe",
			"amount": {
				"min": 2,
				"max": 4
			},
			"unitWorth": 41
		},
		"obj_4": {
			"type": "item",
			"content": "bettercopper:copper_hoe",
			"amount": {
				"min": 2,
				"max": 6
			},
			"unitWorth": 29
		},
		"obj_5": {
			"type": "item",
			"content": "bettercopper:copper_pickaxe",
			"amount": {
				"min": 2,
				"max": 4
			},
			"unitWorth": 41
		},
		"obj_6": {
			"type": "item",
			"content": "bettercopper:copper_shovel",
			"amount": {
				"min": 4,
				"max": 9
			},
			"unitWorth": 17
		},
		"obj_7": {
			"type": "item",
			"content": "bettercopper:copper_sword",
			"amount": {
				"min": 2,
				"max": 6
			},
			"unitWorth": 28
		},
		"obj_8": {
			"type": "item",
			"content": "farmersdelight:apple_pie",
			"amount": {
				"min": 1,
				"max": 3
			},
			"unitWorth": 64
		},
		"obj_9": {
			"type": "item",
			"content": "farmersdelight:potato_crate",
			"amount": {
				"min": 1,
				"max": 3
			},
			"unitWorth": 74
		},
		"obj_10": {
			"type": "item",
			"content": "farmersdelight:stuffed_potato",
			"amount": {
				"min": 3,
				"max": 6
			},
			"unitWorth": 26
		},
		"obj_11": {
			"type": "item",
			"content": "minecraft:brush",
			"amount": {
				"min": 3,
				"max": 7
			},
			"unitWorth": 23
		},
		"obj_12": {
			"type": "item",
			"content": "minecraft:cake",
			"amount": {
				"min": 1,
				"max": 3
			},
			"unitWorth": 59
		},
		"obj_13": {
			"type": "item",
			"content": "minecraft:composter",
			"amount": {
				"min": 3,
				"max": 8
			},
			"unitWorth": 21
		},
		"obj_14": {
			"type": "item",
			"content": "minecraft:decorated_pot",
			"amount": {
				"min": 4,
				"max": 10
			},
			"unitWorth": 15
		},
		"obj_15": {
			"type": "item",
			"content": "minecraft:emerald",
			"amount": {
				"min": 1,
				"max": 2
			},
			"unitWorth": 90
		},
		"obj_16": {
			"type": "item",
			"content": "minecraft:fishing_rod",
			"amount": {
				"min": 4,
				"max": 11
			},
			"unitWorth": 14
		},
		"obj_17": {
			"type": "item",
			"content": "minecraft:iron_ingot",
			"amount": {
				"min": 4,
				"max": 9
			},
			"unitWorth": 18
		}

	}
}