{
	"content": {
		"obj_1": {
			"type": "item",
			"content": "minecraft:bread",
			"amount": {
				"min": 3,
				"max": 10
			},
			"unitWorth": 7
		},
		"obj_2": {
			"type": "item",
			"content": "minecraft:flint",
			"amount": {
				"min": 7,
				"max": 22
			},
			"unitWorth": 3
		},
		"obj_3": {
			"type": "item",
			"content": "minecraft:gunpowder",
			"amount": {
				"min": 7,
				"max": 22
			},
			"unitWorth": 3
		},
		"obj_4": {
			"type": "item",
			"content": "minecraft:spider_eye",
			"amount": {
				"min": 5,
				"max": 17
			},
			"unitWorth": 4
		},
		"obj_5": {
			"type": "item",
			"content": "minecraft:string",
			"amount": {
				"min": 7,
				"max": 22
			},
			"unitWorth": 3
		},
		"obj_6": {
			"type": "item",
			"content": "minecraft:carrot",
			"amount": {
				"min": 7,
				"max": 22
			},
			"unitWorth": 3
		},
		"obj_7": {
			"type": "item_tag",
			"content": "forge:glass",
			"amount": {
				"min": 7,
				"max": 22
			},
			"unitWorth": 3,
			"name": "Any forge:glass"
		},
		"obj_8": {
			"type": "item",
			"content": "minecraft:cooked_porkchop",
			"amount": {
				"min": 3,
				"max": 10
			},
			"unitWorth": 7
		},
		"obj_9": {
			"type": "item",
			"content": "minecraft:porkchop",
			"amount": {
				"min": 4,
				"max": 13
			},
			"unitWorth": 5
		},
		"obj_10": {
			"type": "item",
			"content": "aquaculture:bluegill",
			"amount": {
				"min": 5,
				"max": 17
			},
			"unitWorth": 4
		},
		"obj_11": {
			"type": "item",
			"content": "aquaculture:brown_trout",
			"amount": {
				"min": 5,
				"max": 17
			},
			"unitWorth": 4
		},
		"obj_12": {
			"type": "item",
			"content": "aquaculture:carp",
			"amount": {
				"min": 4,
				"max": 13
			},
			"unitWorth": 5
		},
		"obj_13": {
			"type": "item",
			"content": "aquaculture:minnow",
			"amount": {
				"min": 5,
				"max": 17
			},
			"unitWorth": 4
		},
		"obj_14": {
			"type": "item",
			"content": "aquaculture:perch",
			"amount": {
				"min": 5,
				"max": 17
			},
			"unitWorth": 4
		},
		"obj_15": {
			"type": "item",
			"content": "aquaculture:smallmouth_bass",
			"amount": {
				"min": 4,
				"max": 13
			},
			"unitWorth": 5
		},
		"obj_16": {
			"type": "item",
			"content": "minecraft:stone_axe",
			"amount": {
				"min": 2,
				"max": 5
			},
			"unitWorth": 13
		},
		"obj_17": {
			"type": "item",
			"content": "minecraft:stone_hoe",
			"amount": {
				"min": 2,
				"max": 7
			},
			"unitWorth": 10
		},
		"obj_18": {
			"type": "item",
			"content": "minecraft:stone_pickaxe",
			"amount": {
				"min": 2,
				"max": 5
			},
			"unitWorth": 13
		},
		"obj_19": {
			"type": "item",
			"content": "minecraft:stone_shovel",
			"amount": {
				"min": 3,
				"max": 10
			},
			"unitWorth": 7
		},
		"obj_20": {
			"type": "item",
			"content": "minecraft:stone_sword",
			"amount": {
				"min": 3,
				"max": 8
			},
			"unitWorth": 9
		},
		"obj_21": {
			"type": "item",
			"content": "farmersdelight:wheat_dough",
			"amount": {
				"min": 4,
				"max": 13
			},
			"unitWorth": 5
		},
		"obj_22": {
			"type": "item_tag",
			"content": "minecraft:wooden_buttons",
			"amount": {
				"min": 7,
				"max": 22
			},
			"unitWorth": 3,
			"name": "Any minecraft:wooden_buttons"
		},
		"obj_23": {
			"type": "item_tag",
			"content": "minecraft:wooden_pressure_plates",
			"amount": {
				"min": 5,
				"max": 17
			},
			"unitWorth": 4,
			"name": "Any minecraft:wooden_pressure_plates"
		}

	}
}