{
	"content": {
		"rew_1": {
			"type": "item",
			"rarity": "COMMON",
			"content": "kubejs:copper_coin",
			"amount": {
				"min": 20,
				"max": 32
			},
			"unitWorth": 1
		},
		"rew_2": {
			"type": "item",
			"rarity": "UNCOMMON",
			"content": "kubejs:copper_coin",
			"amount": {
				"min": 32,
				"max": 43
			},
			"unitWorth": 1
		},
		"rew_3": {
			"type": "item",
			"rarity": "RARE",
			"content": "kubejs:copper_coin",
			"amount": {
				"min": 43,
				"max": 54
			},
			"unitWorth": 1
		},
		"rew_4": {
			"type": "item",
			"rarity": "EPIC",
			"content": "kubejs:copper_coin",
			"amount": {
				"min": 54,
				"max": 65
			},
			"unitWorth": 1
		}
	}
}