{
	"content": {
		"obj_1": {
			"type": "item",
			"content": "farmersdelight:cooked_chicken_cuts",
			"amount": {
				"min": 11,
				"max": 29
			},
			"unitWorth": 7
		},
		"obj_2": {
			"type": "item",
			"content": "minecraft:cooked_rabbit",
			"amount": {
				"min": 5,
				"max": 13
			},
			"unitWorth": 16
		},
		"obj_3": {
			"type": "item",
			"content": "aquaculture:sushi",
			"amount": {
				"min": 6,
				"max": 16
			},
			"unitWorth": 13
		},
		"obj_4": {
			"type": "item",
			"content": "farmersdelight:cooked_bacon",
			"amount": {
				"min": 11,
				"max": 29
			},
			"unitWorth": 7
		},
		"obj_5": {
			"type": "item",
			"content": "minecraft:rabbit_foot",
			"amount": {
				"min": 4,
				"max": 9
			},
			"unitWorth": 24
		},
		"obj_6": {
			"type": "item",
			"content": "minecraft:rabbit_hide",
			"amount": {
				"min": 6,
				"max": 15
			},
			"unitWorth": 14
		},
		"obj_7": {
			"type": "item",
			"content": "minecraft:rabbit_stew",
			"amount": {
				"min": 2,
				"max": 5
			},
			"unitWorth": 46
		},
		"obj_8": {
			"type": "item",
			"content": "farmersdelight:bacon_and_eggs",
			"amount": {
				"min": 3,
				"max": 8
			},
			"unitWorth": 28
		},
		"obj_9": {
			"type": "item",
			"content": "farmersdelight:beef_patty",
			"amount": {
				"min": 11,
				"max": 29
			},
			"unitWorth": 7
		},
		"obj_10": {
			"type": "item",
			"content": "minecraft:chainmail_helmet",
			"amount": {
				"min": 2,
				"max": 5
			},
			"unitWorth": 42
		},
		"obj_11": {
			"type": "item",
			"content": "minecraft:chainmail_chestplate",
			"amount": {
				"min": 2,
				"max": 3
			},
			"unitWorth": 67
		},
		"obj_12": {
			"type": "item",
			"content": "minecraft:chainmail_leggings",
			"amount": {
				"min": 2,
				"max": 4
			},
			"unitWorth": 59
		},
		"obj_13": {
			"type": "item",
			"content": "minecraft:chainmail_boots",
			"amount": {
				"min": 3,
				"max": 6
			},
			"unitWorth": 34
		},
		"obj_14": {
			"type": "item",
			"content": "farmersdelight:cabbage",
			"amount": {
				"min": 10,
				"max": 25
			},
			"unitWorth": 8
		},
		"obj_15": {
			"type": "item",
			"content": "farmersdelight:chicken_sandwich",
			"amount": {
				"min": 3,
				"max": 8
			},
			"unitWorth": 25
		}

	}
}