{
	"content": {
		"rew_1": {
			"type": "item",
			"rarity": "COMMON",
			"content": "kubejs:copper_coin",
			"amount": {
				"min": 10,
				"max": 17
			},
			"unitWorth": 1
		},
		"rew_2": {
			"type": "item",
			"rarity": "UNCOMMON",
			"content": "kubejs:copper_coin",
			"amount": {
				"min": 17,
				"max": 23
			},
			"unitWorth": 1
		},
		"rew_3": {
			"type": "item",
			"rarity": "RARE",
			"content": "kubejs:copper_coin",
			"amount": {
				"min": 23,
				"max": 29
			},
			"unitWorth": 1
		},
		"rew_4": {
			"type": "item",
			"rarity": "EPIC",
			"content": "kubejs:copper_coin",
			"amount": {
				"min": 29,
				"max": 35
			},
			"unitWorth": 1
		}
	}
}