{
	"content": {
		"obj_1": {
			"type": "item",
			"content": "minecraft:crafting_table",
			"amount": {
				"min": 2,
				"max": 7
			},
			"unitWorth": 5
		},
		"obj_2": {
			"type": "item",
			"content": "minecraft:torch",
			"amount": {
				"min": 4,
				"max": 12
			},
			"unitWorth": 3
		},
		"obj_3": {
			"type": "item_tag",
			"content": "forge:chests/wooden",
			"amount": {
				"min": 2,
				"max": 4
			},
			"unitWorth": 9,
			"name": "Any forge:chests/wooden"
		},
		"obj_4": {
			"type": "item",
			"content": "immersive_armors:wooden_boots",
			"amount": {
				"min": 2,
				"max": 7
			},
			"unitWorth": 5
		},
		"obj_5": {
			"type": "item",
			"content": "immersive_armors:wooden_chestplate",
			"amount": {
				"min": 2,
				"max": 4
			},
			"unitWorth": 9
		},
		"obj_6": {
			"type": "item",
			"content": "immersive_armors:wooden_helmet",
			"amount": {
				"min": 2,
				"max": 6
			},
			"unitWorth": 6
		},
		"obj_7": {
			"type": "item",
			"content": "immersive_armors:wooden_leggings",
			"amount": {
				"min": 2,
				"max": 5
			},
			"unitWorth": 8
		},
		"obj_8": {
			"type": "item",
			"content": "minecraft:charcoal",
			"amount": {
				"min": 2,
				"max": 7
			},
			"unitWorth": 5
		},
		"obj_9": {
			"type": "item",
			"content": "minecraft:chicken",
			"amount": {
				"min": 3,
				"max": 9
			},
			"unitWorth": 4
		},
		"obj_10": {
			"type": "item",
			"content": "minecraft:clay",
			"amount": {
				"min": 2,
				"max": 7
			},
			"unitWorth": 5
		},
		"obj_11": {
			"type": "item",
			"content": "minecraft:clay_ball",
			"amount": {
				"min": 10,
				"max": 35
			},
			"unitWorth": 1
		},
		"obj_12": {
			"type": "item",
			"content": "minecraft:cooked_chicken",
			"amount": {
				"min": 2,
				"max": 7
			},
			"unitWorth": 5
		},
		"obj_13": {
			"type": "item",
			"content": "minecraft:egg",
			"amount": {
				"min": 5,
				"max": 18
			},
			"unitWorth": 2
		},
		"obj_14": {
			"type": "item",
			"content": "minecraft:feather",
			"amount": {
				"min": 4,
				"max": 12
			},
			"unitWorth": 3
		},
		"obj_15": {
			"type": "item",
			"content": "minecraft:furnace",
			"amount": {
				"min": 2,
				"max": 4
			},
			"unitWorth": 9
		},
		"obj_16": {
			"type": "item",
			"content": "minecraft:hay_block",
			"amount": {
				"min": 1,
				"max": 2
			},
			"unitWorth": 19
		},
		"obj_17": {
			"type": "item",
			"content": "minecraft:ladder",
			"amount": {
				"min": 4,
				"max": 12
			},
			"unitWorth": 3
		},
		"obj_18": {
			"type": "item",
			"content": "minecraft:rotten_flesh",
			"amount": {
				"min": 5,
				"max": 18
			},
			"unitWorth": 2
		},
		"obj_19": {
			"type": "item",
			"content": "minecraft:terracotta",
			"amount": {
				"min": 2,
				"max": 6
			},
			"unitWorth": 6
		},
		"obj_20": {
			"type": "item_tag",
			"content": "minecraft:wooden_doors",
			"amount": {
				"min": 5,
				"max": 18
			},
			"unitWorth": 2,
			"name": "Any minecraft:wooden_doors"
		},
		"obj_21": {
			"type": "item_tag",
			"content": "minecraft:wooden_trapdoors",
			"amount": {
				"min": 4,
				"max": 12
			},
			"unitWorth": 3,
			"name": "Any minecraft:wooden_trapdoors"
		}

	}
}