{
	"content": {
		"rew_1": {
			"type": "item",
			"rarity": "COMMON",
			"content": "kubejs:copper_coin",
			"amount": {
				"min": 55,
				"max": 79
			},
			"unitWorth": 1
		},
		"rew_2": {
			"type": "item",
			"rarity": "UNCOMMON",
			"content": "kubejs:iron_coin",
			"amount": {
				"min": 7,
				"max": 10
			},
			"unitWorth": 10
		},
		"rew_3": {
			"type": "item",
			"rarity": "RARE",
			"content": "kubejs:iron_coin",
			"amount": {
				"min": 10,
				"max": 12
			},
			"unitWorth": 10
		},
		"rew_4": {
			"type": "item",
			"rarity": "EPIC",
			"content": "kubejs:iron_coin",
			"amount": {
				"min": 12,
				"max": 15
			},
			"unitWorth": 10
		}
	}
}