{
	"content": {
		"obj_1": {
			"type": "item",
			"content": "immersive_armors:bone_boots",
			"amount": {
				"min": 3,
				"max": 8
			},
			"unitWorth": 14
		},
		"obj_2": {
			"type": "item",
			"content": "immersive_armors:bone_chestplate",
			"amount": {
				"min": 2,
				"max": 4
			},
			"unitWorth": 26
		},
		"obj_3": {
			"type": "item",
			"content": "immersive_armors:bone_helmet",
			"amount": {
				"min": 3,
				"max": 6
			},
			"unitWorth": 17
		},
		"obj_4": {
			"type": "item",
			"content": "immersive_armors:bone_leggings",
			"amount": {
				"min": 2,
				"max": 5
			},
			"unitWorth": 23
		},
		"obj_5": {
			"type": "item",
			"content": "kubejs:wool_sweater",
			"amount": {
				"min": 1,
				"max": 2
			},
			"unitWorth": 64
		},
		"obj_6": {
			"type": "item",
			"content": "kubejs:wool_yarn",
			"amount": {
				"min": 5,
				"max": 13
			},
			"unitWorth": 8
		},
		"obj_7": {
			"type": "item",
			"content": "minecraft:baked_potato",
			"amount": {
				"min": 7,
				"max": 17
			},
			"unitWorth": 6
		},
		"obj_8": {
			"type": "item",
			"content": "minecraft:bookshelf",
			"amount": {
				"min": 1,
				"max": 2
			},
			"unitWorth": 62
		},
		"obj_9": {
			"type": "item",
			"content": "minecraft:bowl",
			"amount": {
				"min": 14,
				"max": 34
			},
			"unitWorth": 3
		},
		"obj_10": {
			"type": "item",
			"content": "minecraft:brown_mushroom",
			"amount": {
				"min": 8,
				"max": 20
			},
			"unitWorth": 5
		},
		"obj_11": {
			"type": "item",
			"content": "minecraft:fermented_spider_eye",
			"amount": {
				"min": 3,
				"max": 7
			},
			"unitWorth": 16
		},
		"obj_12": {
			"type": "item",
			"content": "minecraft:mushroom_stew",
			"amount": {
				"min": 3,
				"max": 7
			},
			"unitWorth": 15
		},
		"obj_13": {
			"type": "item",
			"content": "minecraft:orange_dye",
			"amount": {
				"min": 7,
				"max": 17
			},
			"unitWorth": 6
		},
		"obj_14": {
			"type": "item",
			"content": "minecraft:poisonous_potato",
			"amount": {
				"min": 2,
				"max": 5
			},
			"unitWorth": 24
		},
		"obj_15": {
			"type": "item",
			"content": "minecraft:potato",
			"amount": {
				"min": 10,
				"max": 25
			},
			"unitWorth": 4
		},
		"obj_16": {
			"type": "item",
			"content": "minecraft:red_dye",
			"amount": {
				"min": 8,
				"max": 20
			},
			"unitWorth": 5
		},
		"obj_17": {
			"type": "item",
			"content": "minecraft:red_mushroom",
			"amount": {
				"min": 8,
				"max": 20
			},
			"unitWorth": 5
		},
		"obj_18": {
			"type": "item",
			"content": "minecraft:yellow_dye",
			"amount": {
				"min": 8,
				"max": 20
			},
			"unitWorth": 5
		},
		"obj_19": {
			"type": "item_tag",
			"content": "forge:red_flowers",
			"amount": {
				"min": 14,
				"max": 34
			},
			"unitWorth": 3,
			"name": "Any forge:red_flowers"
		},
		"obj_20": {
			"type": "item_tag",
			"content": "forge:yellow_flowers",
			"amount": {
				"min": 14,
				"max": 34
			},
			"unitWorth": 3,
			"name": "Any forge:yellow_flowers"
		}

	}
}