{
	"content": {
		"rew_1": {
			"type": "item",
			"rarity": "COMMON",
			"content": "kubejs:copper_coin",
			"amount": {
				"min": 15,
				"max": 24
			},
			"unitWorth": 1
		},
		"rew_2": {
			"type": "item",
			"rarity": "UNCOMMON",
			"content": "kubejs:copper_coin",
			"amount": {
				"min": 24,
				"max": 33
			},
			"unitWorth": 1
		},
		"rew_3": {
			"type": "item",
			"rarity": "RARE",
			"content": "kubejs:copper_coin",
			"amount": {
				"min": 33,
				"max": 42
			},
			"unitWorth": 1
		},
		"rew_4": {
			"type": "item",
			"rarity": "EPIC",
			"content": "kubejs:copper_coin",
			"amount": {
				"min": 42,
				"max": 50
			},
			"unitWorth": 1
		}
	}
}