{
	"content": {
		"obj_1": {
			"type": "item",
			"content": "minecraft:bone",
			"amount": {
				"min": 5,
				"max": 17
			},
			"unitWorth": 3
		},
		"obj_2": {
			"type": "item_tag",
			"content": "minecraft:boats",
			"amount": {
				"min": 2,
				"max": 4
			},
			"unitWorth": 14,
			"name": "Any minecraft:boats"
		},
		"obj_3": {
			"type": "item",
			"content": "minecraft:bone_meal",
			"amount": {
				"min": 8,
				"max": 25
			},
			"unitWorth": 2
		},
		"obj_4": {
			"type": "item",
			"content": "minecraft:bow",
			"amount": {
				"min": 2,
				"max": 4
			},
			"unitWorth": 13
		},
		"obj_5": {
			"type": "item",
			"content": "minecraft:brick",
			"amount": {
				"min": 8,
				"max": 25
			},
			"unitWorth": 2
		},
		"obj_6": {
			"type": "item",
			"content": "minecraft:bricks",
			"amount": {
				"min": 2,
				"max": 6
			},
			"unitWorth": 9
		},
		"obj_7": {
			"type": "item",
			"content": "minecraft:flower_pot",
			"amount": {
				"min": 3,
				"max": 8
			},
			"unitWorth": 7
		},
		"obj_8": {
			"type": "item",
			"content": "minecraft:beef",
			"amount": {
				"min": 5,
				"max": 17
			},
			"unitWorth": 3
		},
		"obj_9": {
			"type": "item",
			"content": "minecraft:cooked_beef",
			"amount": {
				"min": 4,
				"max": 13
			},
			"unitWorth": 4
		},
		"obj_10": {
			"type": "item",
			"content": "minecraft:leather",
			"amount": {
				"min": 4,
				"max": 13
			},
			"unitWorth": 4
		},
		"obj_11": {
			"type": "item",
			"content": "farmersdelight:fried_egg",
			"amount": {
				"min": 4,
				"max": 13
			},
			"unitWorth": 4
		},
		"obj_12": {
			"type": "item",
			"content": "minecraft:leather_boots",
			"amount": {
				"min": 1,
				"max": 3
			},
			"unitWorth": 17
		},
		"obj_13": {
			"type": "item",
			"content": "minecraft:leather_chestplate",
			"amount": {
				"min": 1,
				"max": 2
			},
			"unitWorth": 33
		},
		"obj_14": {
			"type": "item",
			"content": "minecraft:leather_helmet",
			"amount": {
				"min": 1,
				"max": 3
			},
			"unitWorth": 21
		},
		"obj_15": {
			"type": "item",
			"content": "minecraft:leather_leggings",
			"amount": {
				"min": 1,
				"max": 2
			},
			"unitWorth": 29
		},
		"obj_16": {
			"type": "item_tag",
			"content": "minecraft:wooden_fences",
			"amount": {
				"min": 8,
				"max": 25
			},
			"unitWorth": 2,
			"name": "Any minecraft:wooden_fences"
		},
		"obj_17": {
			"type": "item_tag",
			"content": "forge:fence_gates/wooden",
			"amount": {
				"min": 3,
				"max": 8
			},
			"unitWorth": 7,
			"name": "Any forge:fence_gates/wooden"
		}

	}
}