{
	"content": {
		"obj_1": {
			"type": "item_tag",
			"content": "forge:medium_freshwater_fishes",
			"amount": {
				"min": 4,
				"max": 9
			},
			"unitWorth": 9,
			"name": "Any forge:medium_freshwater_fishes"
		},
		"obj_2": {
			"type": "item_tag",
			"content": "minecraft:beds",
			"amount": {
				"min": 2,
				"max": 4
			},
			"unitWorth": 23,
			"name": "Any minecraft:beds"
		},
		"obj_3": {
			"type": "item",
			"content": "farmersdelight:carrot_crate",
			"amount": {
				"min": 1,
				"max": 2
			},
			"unitWorth": 56
		},
		"obj_4": {
			"type": "item",
			"content": "minecraft:book",
			"amount": {
				"min": 1,
				"max": 3
			},
			"unitWorth": 30
		},
		"obj_5": {
			"type": "item",
			"content": "minecraft:cooked_mutton",
			"amount": {
				"min": 3,
				"max": 6
			},
			"unitWorth": 14
		},
		"obj_6": {
			"type": "item",
			"content": "minecraft:cooked_salmon",
			"amount": {
				"min": 3,
				"max": 7
			},
			"unitWorth": 13
		},
		"obj_7": {
			"type": "item",
			"content": "minecraft:ink_sac",
			"amount": {
				"min": 5,
				"max": 14
			},
			"unitWorth": 6
		},
		"obj_8": {
			"type": "item",
			"content": "minecraft:sugar",
			"amount": {
				"min": 5,
				"max": 12
			},
			"unitWorth": 7
		},
		"obj_9": {
			"type": "item",
			"content": "minecraft:sugar_cane",
			"amount": {
				"min": 6,
				"max": 16
			},
			"unitWorth": 5
		},
		"obj_10": {
			"type": "item",
			"content": "minecraft:tnt",
			"amount": {
				"min": 2,
				"max": 4
			},
			"unitWorth": 22
		}

	}
}