{
	"content": {
		"rew_1": {
			"type": "item",
			"rarity": "COMMON",
			"content": "kubejs:copper_coin",
			"amount": {
				"min": 5,
				"max": 10
			},
			"unitWorth": 1
		},
		"rew_2": {
			"type": "item",
			"rarity": "UNCOMMON",
			"content": "kubejs:copper_coin",
			"amount": {
				"min": 10,
				"max": 15
			},
			"unitWorth": 1
		},
		"rew_3": {
			"type": "item",
			"rarity": "RARE",
			"content": "kubejs:copper_coin",
			"amount": {
				"min": 15,
				"max": 20
			},
			"unitWorth": 1
		},
		"rew_4": {
			"type": "item",
			"rarity": "EPIC",
			"content": "kubejs:copper_coin",
			"amount": {
				"min": 20,
				"max": 25
			},
			"unitWorth": 1
		}
	}
}