{
	"content": {
		"obj_1": {
			"type": "item",
			"content": "immersive_armors:bone_boots",
			"amount": {
				"min": 2,
				"max": 6
			},
			"unitWorth": 21
		},
		"obj_2": {
			"type": "item",
			"content": "immersive_armors:bone_chestplate",
			"amount": {
				"min": 2,
				"max": 4
			},
			"unitWorth": 39
		},
		"obj_3": {
			"type": "item",
			"content": "immersive_armors:bone_helmet",
			"amount": {
				"min": 2,
				"max": 5
			},
			"unitWorth": 25
		},
		"obj_4": {
			"type": "item",
			"content": "immersive_armors:bone_leggings",
			"amount": {
				"min": 2,
				"max": 4
			},
			"unitWorth": 34
		},
		"obj_5": {
			"type": "item",
			"content": "kubejs:wool_sweater",
			"amount": {
				"min": 1,
				"max": 2
			},
			"unitWorth": 78
		},
		"obj_6": {
			"type": "item",
			"content": "minecraft:baked_potato",
			"amount": {
				"min": 4,
				"max": 10
			},
			"unitWorth": 12
		},
		"obj_7": {
			"type": "item",
			"content": "minecraft:bookshelf",
			"amount": {
				"min": 1,
				"max": 2
			},
			"unitWorth": 98
		},
		"obj_8": {
			"type": "item",
			"content": "minecraft:fermented_spider_eye",
			"amount": {
				"min": 3,
				"max": 7
			},
			"unitWorth": 19
		},
		"obj_9": {
			"type": "item",
			"content": "minecraft:mushroom_stew",
			"amount": {
				"min": 3,
				"max": 8
			},
			"unitWorth": 15
		},
		"obj_10": {
			"type": "item",
			"content": "minecraft:poisonous_potato",
			"amount": {
				"min": 2,
				"max": 5
			},
			"unitWorth": 24
		},
		"obj_11": {
			"type": "item",
			"content": "minecraft:potato",
			"amount": {
				"min": 5,
				"max": 15
			},
			"unitWorth": 8
		}

	}
}