{
	"content": {
		"obj_1": {
			"type": "item",
			"content": "minecraft:bread",
			"amount": {
				"min": 2,
				"max": 5
			},
			"unitWorth": 13
		},
		"obj_2": {
			"type": "item_tag",
			"content": "forge:glass",
			"amount": {
				"min": 7,
				"max": 22
			},
			"unitWorth": 3,
			"name": "Any forge:glass"
		},
		"obj_3": {
			"type": "item_tag",
			"content": "forge:small_freshwater_fishes",
			"amount": {
				"min": 4,
				"max": 13
			},
			"unitWorth": 5,
			"name": "Any forge:small_freshwater_fishes"
		},
		"obj_4": {
			"type": "item",
			"content": "minecraft:carrot",
			"amount": {
				"min": 4,
				"max": 11
			},
			"unitWorth": 6
		},
		"obj_5": {
			"type": "item",
			"content": "minecraft:cooked_porkchop",
			"amount": {
				"min": 2,
				"max": 6
			},
			"unitWorth": 12
		},
		"obj_6": {
			"type": "item",
			"content": "minecraft:gunpowder",
			"amount": {
				"min": 7,
				"max": 22
			},
			"unitWorth": 3
		},
		"obj_7": {
			"type": "item",
			"content": "minecraft:spider_eye",
			"amount": {
				"min": 4,
				"max": 13
			},
			"unitWorth": 5
		},
		"obj_8": {
			"type": "item",
			"content": "minecraft:stone_axe",
			"amount": {
				"min": 1,
				"max": 3
			},
			"unitWorth": 22
		},
		"obj_9": {
			"type": "item",
			"content": "minecraft:stone_hoe",
			"amount": {
				"min": 2,
				"max": 5
			},
			"unitWorth": 16
		},
		"obj_10": {
			"type": "item",
			"content": "minecraft:stone_pickaxe",
			"amount": {
				"min": 1,
				"max": 3
			},
			"unitWorth": 22
		},
		"obj_11": {
			"type": "item",
			"content": "minecraft:stone_shovel",
			"amount": {
				"min": 2,
				"max": 7
			},
			"unitWorth": 10
		},
		"obj_12": {
			"type": "item",
			"content": "minecraft:stone_sword",
			"amount": {
				"min": 2,
				"max": 5
			},
			"unitWorth": 15
		},
		"obj_13": {
			"type": "item",
			"content": "minecraft:string",
			"amount": {
				"min": 7,
				"max": 22
			},
			"unitWorth": 3
		}

	}
}